{"loss": 0.33966848254203796, "grad_norm": 0.8999859094619751, "_timestamp": 1698562572.5863867, "_runtime": 22.08290958404541, "_step": 9, "_wandb": {"runtime": 21}}