{"loss": 0.24634519219398499, "grad_norm": 29.100780487060547, "_timestamp": 1698563350.1372128, "_runtime": 678.813319683075, "_step": 407}